{"RandomForest": 0.9889224572004028, "DecisionTree": 0.9889224572004028, "LogisticRegression": 0.9889224572004028, "SVM": 0.9889224572004028, "GradientBoosting": 0.9889224572004028}